Attr0,Attr1,Attr2,Attr3,Attr4,Attr5,Attr6,Attr7,Attr8,Attr9,Attr10,Attr11,Attr12,Attr13,Attr14,Class
0.5037732555638378,-0.1726472571973318,0.4703325759603491,0.5044660661408135,0.25320979952800365,-0.36163423842732434,-0.8493147393139754,-0.42762379646405835,-0.6373767600643904,-0.4226172810248579,-0.36105807769062587,0.1753421751797027,0.27998607483770604,-0.05369490734143916,-0.4462986518813999,0.0
0.510652317052584,-0.9836313666458425,-0.14996763043265307,-0.17853043022884063,0.10632787620706903,0.8197526595308967,-0.4154096442420377,0.6642339367193427,-0.48492721507160697,-0.41288990470251263,0.20330710960768605,0.06176759390432946,-1.0731913271404883,-0.10620766615777989,0.4544432496968833,0.0
0.4301402892180664,0.1276381324516911,-0.45287566365826654,-0.22701744237392485,-0.2595805463489559,0.7728754811079631,-0.30134400396669647,0.6875947833505781,-0.1394469993327735,-0.2646649455321997,-0.4123870951878153,0.2004870493281299,0.10400357177958182,0.05930106030238105,0.2850947078073339,0.0
0.20577947554575535,-0.1899994310335578,0.3543463112377795,-0.16356059172920595,-0.020962597522451963,-0.12425802960211416,0.14783431747433798,-0.212180827315407,-0.21236192671509616,-0.947308278347539,-0.0038592509791321684,-0.12605118829733433,-0.6180372341359193,0.112839287025101,0.10246815648487569,0.0
-0.25661606650179,-0.15054602565539324,-0.2524666725745217,0.22140377255632002,-0.34983062099600043,-0.2928103322238034,-0.027773188815315222,-0.16167042472645624,-0.3897156568365888,-0.8790334074484315,0.47665948617070847,0.061572082214913545,-0.28101077067893565,-0.688143922931103,-0.03851934698439077,0.0
-0.5298637658166915,-0.6793494604619126,0.2364469769484453,0.07805255856138918,-0.10215966680253928,-0.30976213572982225,0.20262048082303405,0.3864592557468645,-0.4198745985428158,-0.15155853069903882,-0.06677467694954214,0.9231417428356181,-0.576217157670666,-0.11497428871590018,0.04178393601970563,0.0
0.2644686511752714,-0.24079789737705845,0.22565818193569628,-0.011386313827966954,0.014262616388473086,-0.37328367791251127,-1.1892439494954368,-0.22409218577161802,-0.2708619471583671,0.3654471190861167,0.884961530939831,0.3589625388459161,0.0430227142996275,-0.16141828181255014,-0.14942884857301175,0.0
0.3446480034298265,-0.14408155542572418,0.2563349366217458,0.19532078112000922,-0.12798218218935278,0.26540185763182317,-0.18230254208677582,-0.2986883380452298,-0.5900562084194356,0.22410678276446055,0.2025532348222765,0.09865126434403514,-0.467388147834533,-0.11846150314428401,0.2699444927884658,1.0
0.3391337897138275,-0.23745102211658003,0.5477017160154347,0.2940357257707998,0.6046357083094678,0.04555766982284412,-0.7185439671256306,0.07082914730535393,-0.19580624246095743,-1.030227260745293,0.34599021695753074,0.22566434405428992,-0.30150855873749277,-0.20899950181054391,-0.19778376657935431,0.0
-0.018494143747667238,0.6028848609517644,0.17327475354240832,0.6416229812470245,0.4353967329665543,0.0986937340332321,-0.4843690257051104,-0.4152153807498821,-0.017504860707874253,-0.020519685141831008,-0.12548265351440896,0.7134431555501339,-0.02106504193581766,0.05148009837008647,0.11148199251163465,1.0
-0.20617441050898577,0.6653294306575352,0.36285222762424196,0.22024093800247657,-0.1639334115554284,0.4682127277009363,0.04318639637017924,0.1124297325182422,0.011874479733843077,0.7434600428204188,-0.29663211212500257,-0.08393809385140497,-0.17812682129670013,-0.1865246007542205,0.045047415846220414,1.0
0.6588916185163672,-0.20376736644888785,0.17255698727931731,0.22758269747433957,-0.11734141404379526,-0.25937866824496514,0.7334141041678345,0.1122849789893889,-0.15167104880874535,-0.16277678417273814,0.002134205478536727,0.017854556391300392,-0.3863471404096357,-0.3230931605613479,0.24188100724173564,1.0
-0.25236955819004503,0.22463027167606656,0.14673392487746606,0.27382602468571365,0.40285987645698856,0.33908661830214204,-1.161191860429939,0.32883575615910926,0.16093730692167507,-0.683383644648872,-0.02923727900889456,0.3897299551347947,-0.3982759128329459,0.4679407280353239,0.31601990000575825,1.0
0.20276217359282458,-0.029890313698292384,-0.480538728641874,0.2592336927467337,-0.5423268123014725,-0.006499161664767475,-0.33480640057190725,-0.4814741183023466,-0.485021652779429,0.2468907731514387,-0.4277121128453282,0.24062938325263045,0.41615863958041865,-0.3751504496304902,-0.4374535779353239,1.0
-0.47961986241441396,-0.6169483663771144,0.4655860369962833,1.0,0.01577664917387257,0.2110346064524869,-0.7718077630706056,0.8638321227483717,-0.3560405869817333,-1.5358438031665833,0.14197963598630764,0.25005091917566763,-0.5933515848459889,0.10805273267366095,0.5675274689089302,0.0
-0.3428019973442213,0.967745005246038,-0.4555672862901309,0.565285415550684,0.3639705505974695,-0.24877733004761468,-0.4762561927424639,0.048141607363294626,0.10557969423314491,0.7113142430090468,0.13741525486674352,0.07989744957275247,0.6836735295067823,-0.5121526067808381,0.6685700674684941,1.0
0.32049041801505757,-0.574954098547119,-0.6885787425569312,-0.24221497476560847,0.02065342244760112,0.5851023605772511,-0.48749767079841266,-0.3256874519772698,-0.32952412732158404,0.5626014658460828,-0.4617821229221578,-0.3282740734009005,-0.17099597060582303,-0.3535754102112711,-0.4214000463419507,1.0
0.25300684971319015,-0.6403126664160357,-0.21806462616397262,-0.0359252532295414,-0.19138468510147486,-0.866268000430101,-0.49283397676100504,-0.35947351680813405,-0.5741224681520485,-0.8342253306503637,-0.2762329447933661,-0.12936185696319688,-0.6420220406416136,-0.09441340612678692,0.40989083219451233,0.0
0.2086379708675308,-0.006949007885447088,-0.08978844456489408,-0.21867768875869387,-0.18136134386171207,-0.019033862527827596,0.23947789560385305,0.049933981971443026,-0.06417566045605994,0.09233162627232898,0.27497162747514936,0.4269353985066671,-0.30205503957300134,0.4897595507971616,0.17759051695674644,1.0
0.1713634496945271,-0.5366000359625259,-0.21632371594694325,-0.0017825687336100464,0.09932640858240273,-0.5737353008924779,-0.5710995364326045,0.21387278752387565,-0.4059624699516533,-0.7191330336973197,-0.47418907265338067,0.31208551043759347,0.542765726175375,-0.6781347832064263,0.2534239683505737,0.0
-0.34472431719191615,-0.034225953071772446,-0.6900515372671627,0.32795454262589213,0.12056460185885812,-0.17107439032120383,-0.7573907887831199,-0.2033785251158057,-0.031264790634796674,-0.5555180468681655,0.4036770950368338,0.021996098713515384,-0.4319549241032634,0.3042671872737053,0.14142591864390996,0.0
-0.4184414488367025,-0.19705213653426376,-0.7115200120086373,0.3028126679701269,-0.2713620112409637,-0.4546538241433024,-0.4696184441555044,-0.010087363595112636,0.5158575077951285,-0.37407735008840465,0.39277104927307327,-0.03229620793191676,-0.9107901548444768,-0.3689627278711822,0.5691876069486738,1.0
-0.03523807220508225,0.23981830612013716,0.6377282503199476,0.12727057142533554,0.46676670751014765,-0.48376489759809105,0.1503247902522725,-0.09638578962162424,0.029276205081571454,0.3142298625323417,0.0395043115046619,-0.20410090746300513,-0.8523953659047646,0.20366134389336932,0.32075066509548295,1.0
0.010772255101355746,-0.08838391142201514,-0.4735090320288206,0.00924565360338863,0.0121935362535138,-0.4773018048431042,-0.5249763117891081,0.1629792334739319,-0.3070392475445495,-0.1825931238731289,0.3808511571086264,-0.012505177961502925,-0.6566075437957966,-0.032282869038328915,-0.14713928447248534,0.0
-0.49862605233059376,0.2867919123021701,0.40635185115247935,-0.24807385040196328,0.45244072331674456,0.4060680192004611,0.6717333298852863,-0.4056233365224592,-0.09366691069304213,0.28641116026785157,0.3377468206822425,0.46231236346314236,-0.5517785901813729,-0.49381519144846064,0.226963090824398,1.0
0.11723965298294332,0.48502068864667125,0.24328487528909143,0.4843616246709695,0.04085236216316713,-0.2816287315996272,-0.28349830837803897,0.2613900730045408,-0.28828022994725044,0.1909921643190588,-0.27726044282693657,0.027369363042731205,-0.06908700844431283,0.00809760989243385,0.25091715088698324,1.0
-0.031735134200782646,-0.10405333454220833,0.41400330640720334,0.4025642412163954,0.03918354590903501,-0.24884859413883229,0.7211664183276222,0.46401328996145613,0.2829149492359744,-0.5724185364300778,0.6143809600966567,-0.22657506032549496,-0.10949278466916731,0.018828574695637847,0.20335192516131745,0.0
0.45241494419199607,-0.020214166489112305,-0.4647463025817843,0.17408506050406772,0.07940904903692186,-0.4298709770454623,-0.43550541063063136,0.2920308570339515,-0.17716350765596772,-0.7293523957572876,0.3153236877548963,0.27539180958079035,-0.1971116451794441,0.04477456565366354,0.2942159408572786,0.0
-0.5229454190107882,-0.0857230308442089,0.21803988162252058,0.16226853227202934,0.012800969479237432,0.4759306680825513,0.17996479372144947,0.5653040098821948,-0.12095554325045661,-0.3778769024545261,-0.36453495965958116,0.11134069607377754,-0.24749836443302317,0.3743481014796751,-0.05573465701733399,0.0
0.09782042807146879,-0.3587503997308796,0.4835342852381241,0.5128775849110575,0.17290236381387303,-0.7055392141619056,0.035404102143457135,0.22547576575820275,-0.08326449214149659,0.4947439029165023,-0.24205546258265714,0.7506303095252476,-0.9369349845245297,-0.42837130801651746,0.17087292378495603,0.0
0.14790724997579877,0.7812154179186164,-0.4550077766997772,0.006139286733149169,0.1828547632150583,0.23598084249180706,-0.24390695494579914,-0.24050613607920304,0.0785611994762993,1.0,-0.48338767577408137,0.1764309320154287,0.1287979624875868,0.3372730421484701,0.1327603971000477,1.0
-0.2532377033217875,-0.5635694067590148,0.18185860271498003,-0.2760097352762705,-0.05688607925687418,0.39466044171901216,-0.22982684558971747,0.832548628346314,0.30384767517088535,-0.41006277662369106,-0.38637209958119256,0.19329359190342754,-0.4770552210889268,0.15502527054072812,0.6629080583153388,0.0
0.4168839660406812,-0.8389542571237182,0.09116333668924624,-0.04977370052976335,0.20412223587412254,0.14044372594531787,0.4831014312868293,-0.02469456992315267,-0.2540526718432331,-0.17565751388028908,0.2286609912364223,0.015139983545473691,-0.01853035562843605,-0.021257457304327376,-0.6268116025834072,0.0
0.7176216815171426,-0.8123390389956562,0.6180273644402704,-0.007628524557746015,-0.35578819802427036,0.07749707200026358,0.15971403922393557,0.2660800743799577,0.030517618890544912,0.20892856892282136,0.2503919967501383,0.5645841917200617,-0.1090938236970643,0.31424779392607183,0.015398305643760773,0.0
-0.056987330778551,0.7140331180038089,-0.07277320833668247,0.8642722262207818,-0.11692772651868788,-0.18226169372321596,-0.333844625556687,0.07598567598642449,0.21192031902404926,0.6473750606099427,0.37151776570302414,-0.35875269914232916,-0.21144236599932822,0.4567416666482286,-0.09595625491211249,1.0
0.24940162011204856,0.14723457578330257,-0.11657192943630998,0.8441333982389736,-0.17895178128875716,-0.20840570721611257,-0.13059010759381615,-0.3922408524963449,-0.016573151617771016,-0.27262341936618617,0.1588234886386331,0.5164070925460563,-0.27515923818088084,0.4402732933535733,-0.27107565606177286,0.0
0.22216190381313744,-0.3610601259005952,0.12936897101263728,0.3968909634063277,0.191152588906924,0.19639480633382692,-0.3720218910257208,-0.10266072303078766,-0.31756624504094355,-0.12638549242341662,0.6822223901166499,0.27882083938492147,-0.10667263062364561,-0.6411377212995419,1.0,0.0
0.06264937309536776,-1.0860789418804777,0.10741430516980599,0.09035064010805444,-0.11887479819840037,-0.1531309804299785,-0.36384212011402023,0.16487489389233806,-0.20270058525199317,-0.4912020384892939,-0.2964096000647818,-0.16098635452490306,-0.1617492911076343,-0.007119716211444442,0.2809088150876991,0.0
-0.33128350926457745,-0.09704763952127843,-0.27272110193508037,0.6118117241002184,0.1442895505874042,-0.4031555015761056,-0.09966857378381816,0.004024552847714029,0.045173371149294976,-0.2928701428283093,0.5732430837315646,1.0,-0.16123587949979848,0.3485093515847382,0.27155609587511736,0.0
0.2526487988957765,-0.8790042434939741,0.5111049633520511,-0.16615091585402755,0.04282933824455297,-0.15701149537401096,-0.3549665262566915,0.5458217054379169,-0.045294856584399294,0.12086588211544941,0.37678229828240484,0.004753048669815374,0.23572613472981385,0.4704637763450002,-0.158535036633067,0.0
0.3794243382346502,-0.47360281917103547,0.3333910310147831,-0.09387133044160341,-0.021234945080447536,0.1807464715958163,0.26541539960121174,0.424685003644869,0.30576738677248827,-0.7171007448316662,0.158454495267048,0.5423523702306424,-0.24401599302590138,-0.15803084197095574,0.1461802143254145,0.0
-0.6142989447407264,-0.5184132664347494,-0.5230527079245926,-0.5980647110396418,0.3219549246037369,0.37093032541346027,-0.08648292371605891,-0.1649705801069956,0.616928005641826,-0.4377668417261162,0.22122583629502815,0.11930995954909258,0.062138491152191826,-1.0064200745676597,-0.2353146679557577,1.0
0.5816508776339142,0.6993126719221014,0.14856903445824501,0.4718146141761659,0.21091728547590483,0.2548969481942619,-0.47042026309114154,-0.07156820619555207,0.29464302565978906,0.3988076625472464,-0.3356020499872023,-0.1826343470181639,0.632701806558228,0.710819769991131,0.31492346093734175,1.0
-0.4310742448793344,-0.09403532827631798,0.05401870111733485,-0.15108942419028704,-0.3831993359697471,0.9238891417995001,-0.7598907074122279,-0.45541681949791596,0.129790227846383,0.22387548218619113,0.827728915230275,-0.07905696894251285,0.2157417774349541,0.2799254052004956,0.07230064380712062,1.0
-0.2786375498875548,0.044553198686076066,0.2859789667525189,0.05865917637442062,-0.1336465264351449,-0.36254943762499947,-0.27800178742701287,-0.22958803581495152,0.41982800570167844,-0.3149526369029173,0.8956804423454533,0.07304500512886887,-0.37299136632107,-0.10788029984256875,0.4389454188169159,0.0
-0.16847451078825781,-0.6219716676572319,0.4500025205340422,-0.026212709943874302,-0.3851905994375134,-0.4142836381823684,0.15425499171976503,-0.11464288661783209,0.22857998871777097,0.16695424589127034,0.12893629078166605,0.5569052899247282,0.4217738757814551,-0.7682167072096767,0.5180999275387741,0.0
0.3496733719868392,0.6254842781799071,-0.7369641659265521,0.32785443084761934,0.11679483266081575,0.42832593794313056,-0.10667043175971642,-0.2837135041683436,-0.4420670223638205,-0.6360660711888229,-0.8206507782261911,0.6744922853996801,0.023893056459304795,-0.01551292607453827,-0.004729006857036145,1.0
0.10833465860981385,0.12433480988202592,-0.433022909302415,0.7276366101747085,-0.10930937632691945,0.3562474549898198,-0.2640719377535107,-0.5006995050866742,0.36711797291235604,0.14869175712881325,-0.17382897432876404,0.19170626587588044,0.4913743876237956,0.06587317462644979,0.5603815765474354,1.0
0.16600363442125438,-0.5173282361092012,-0.5685956349913819,0.38007993495712744,0.24455230540701153,0.5245042004827563,-0.09414375361515386,0.14562638199398056,0.6407204144279024,-0.6164151725648906,0.20661998618982697,0.03492347252707017,-0.17317913908279345,-0.07354714502420841,0.4511742526267224,1.0
0.20072056181245154,-0.4909687943147248,0.14850370142245192,0.18056506216655538,-0.013275044728949123,-0.24686110519077872,-0.26396101318121395,0.1515741652795958,-0.28361424071555796,-0.47087718374230036,0.08428538523837115,-0.12684897925099448,-1.0049731795602581,-0.07732199495136921,-0.22090441595351742,0.0
-0.418130215026962,-0.5066947903761311,-0.43041907354454173,-0.014203402185265925,0.12956828110137705,0.00883007718232013,-0.21836968361510764,-0.2720142281543585,0.09502443086846596,-0.23547224463570263,-0.010078061921311186,0.12927150910508575,0.08150932592091083,-1.0157847518181855,0.4134218565441764,1.0
0.28527613566614257,-0.23702062692327153,0.1383102616246396,0.26232870261902114,0.16374895915058327,-0.497837425825023,0.34992692630298994,0.0643660872803603,0.15154864918905406,0.20012444828783849,-0.8884426963465067,0.18768002068097703,0.9077746667634987,-0.47217758231418294,0.21125209584308105,1.0
0.5201007990331212,-0.334409612135881,0.30354194575768856,0.3294079866067952,0.3036863963583971,-0.3152725044260306,0.2670252661644714,0.2972158475716667,-0.5090875357032754,-0.7384471213139234,0.2535126396736347,0.11374521506141198,-1.1405014220634084,0.10773178207390313,0.2345827905353767,0.0
0.1172224597477671,0.48297265542634876,-0.17149472137576716,0.39099571480665907,-0.16127115719982799,-0.08883054416545126,-0.09071298177331434,0.07633835724714017,-0.26679585327680216,-0.25587553022056414,-0.24069771207450064,0.444143014579677,-0.02069407209656406,0.5109307234188253,0.3074015200427691,0.0
0.03617025506528487,-0.10920263275986848,0.34380289080174303,-0.22323040233638594,-0.046939026672352405,-0.09126214557460285,-0.9490955885402131,0.06742393949327356,-0.16741793765812665,-0.11935492280022546,-0.04131515274123287,0.5446417095540649,-0.3304917784903701,-0.07517056711397516,-0.3477789083297778,0.0
-0.44105763148281574,0.22291882804245824,-0.5308785138249629,0.1256381608745629,0.2062405286666545,-0.4163266069899525,0.6124506539154795,0.01952972353418431,-0.4642858431072517,-0.1784445444122805,-0.43993212112127406,0.06352336291887586,0.9198314417720613,-0.4340551593743086,-0.583938607081875,1.0
-0.2439816748413975,0.44212499556607443,-0.12268821890822708,0.4388619641726145,0.206363684484588,-0.15461562971635218,-0.33318083024610917,-0.18836937497280137,-0.18224108711692186,0.20829801174545345,0.23642980635444416,-0.05533539086220637,0.15144312892002984,-0.46326361597961196,0.21854597681966687,0.0
0.5938606624987244,-0.4396834121848429,-0.44697733433370196,0.07146638067982117,-0.0973877237236365,0.07339653297270388,-0.06316635786843426,-0.26199881808761827,-0.14315460874437902,0.18057374079506555,0.3342722137719672,0.08512820363466726,-0.19536724946655606,0.9531457116570683,-0.1070157842026769,1.0
0.017887469151418346,-0.4193784087662601,0.3684090092342872,0.17424705102859106,0.14738691170127902,0.0820306799331345,-0.8113304801731641,0.39747158970885166,-0.17992535509246482,-0.998638096099111,0.18784221425115888,0.27795926011819705,-0.15489693737845742,-0.19461625532295979,0.46379133622860613,0.0
0.046731421407251617,-0.654736051012107,-0.18772947202349913,0.48727113708544206,-0.512788363034439,0.050445169215373196,-1.0069596556391225,-0.42148437411239875,-0.4909046640704365,-0.39666234713849147,0.36534197597398976,-0.2978695779183489,0.3493394650493412,0.462319360997351,0.11021719153894387,0.0
-0.10647628875392169,0.53518508433289,-0.34455472582607055,0.2603704445945599,-0.10418510116017307,0.02054028811591149,-0.11303049974796942,0.49622299119843977,0.12140169997375716,0.22922303145434123,-0.06213308453085883,-0.030746698404590298,-0.44450893743617054,0.11190547060335158,0.04256314520020747,1.0
0.3872652844088096,-0.04954366152964774,-0.06254451761699344,0.3370676758874321,-0.6173313414157148,0.4971096567623628,-0.48951922773673656,-0.013356840657036005,-0.45995975195970107,0.05174906837878156,0.12452918488839407,-0.09616479781045374,0.1676585267184908,-0.617027884372942,-0.03100590572091068,1.0
-0.19554987258759868,-0.7958715116348276,-0.6310124687220596,0.2790252051979083,0.19631959345541888,0.5372493355590912,-0.430789011367922,0.025510527009041307,-0.3459011700762882,-0.14295200205155692,0.1589472501163199,-0.24031938134394878,-0.10968579969947166,0.23058267312973826,0.23253907851834238,0.0
0.5602957468535787,-0.20375883432371975,-0.3506367467478887,0.027908369467184505,0.08779492153304003,0.1700425901276679,-0.13942364179598693,0.012308154264945258,-0.3443730744124619,-0.0675095556603618,0.6905118855268259,0.41653141359016344,-0.5393663589050375,0.4925763165250991,0.12134081347972903,0.0
0.30366816536050795,-0.35444744924785754,0.7426612625567081,-0.039123519952629374,0.016601193458500196,-0.400853860033863,-0.43491009576135015,-0.2208472866492406,0.055381177114091795,-0.51798167285795,0.33839645068439833,0.5242861471906656,-0.30082735539034716,-0.20043776896442977,0.25015854547255373,0.0
-0.030212726029382003,-0.19505417106253212,0.10909554748569013,-0.053327101892677156,1.0,-0.06617849623948391,-0.7322299768304701,-0.29684032899733187,-0.09084862156418304,0.1810680325282321,0.22262230336110148,0.14653391092175,-0.2550654141884783,0.032025138262216514,0.23908026537144497,1.0
0.11910437973754043,-0.14269683507206155,0.1468322705663271,-0.5171922899743979,-0.3297962879660044,-0.6476161775833597,-0.3699576390481378,0.4120043494229529,0.17806349435433624,0.017105780169266813,0.16557438891701726,-0.08116858965350736,0.16037883023646726,0.04875199783668852,-0.2395110357584721,0.0
0.04117373058659013,-0.5299903818056092,-0.358690730628149,0.005848315269348823,0.27332718779789,-0.296065539131194,0.13128414571139183,0.834237111537715,0.14649745597781605,-0.35005109981925553,1.0,0.06996229420812065,-0.6276063694819903,-0.3043027526795421,0.4220964625180437,0.0
0.18978604586480924,0.6932701337057687,-0.5815572590832777,0.47038019164808287,-0.058273658115177686,-0.03857327051028119,-0.43248540571469,0.1367910451022749,0.5461312134593046,0.47559118037035797,-0.15933677656305337,0.4282408069202307,0.2879952824193746,-0.04590979947740372,-0.3097813860089466,1.0
0.24509628162691255,-0.10709072431615313,0.0066258450666108575,0.49285721755421835,0.3765035382001812,0.6705404550006344,-0.12851075400355774,0.2659445412170577,-0.5931753714088177,0.5878196226617943,0.11193286193247443,-0.2933651730815444,0.25167454373870646,0.0726231551435431,0.14193369181057797,1.0
0.22533977986441767,-0.2649497105950441,0.05409073418823562,0.9161286367386504,-0.07964114115185433,-0.1820679668173466,0.7240815007085638,0.06636788461368552,-0.5980220278944697,0.9066435455231097,-0.34286404815965116,-0.30620698172316735,-0.20701246188666994,-0.2902609235110049,0.25392670731609757,1.0
0.8405666311291726,-0.36539150609884735,-0.25973805440312847,0.031010659340710952,-0.21582792307459808,-0.5388076059762125,0.6172006049363776,0.09833885977817589,0.07316824647609935,-0.658119567849083,-0.1872041101742825,0.0007540651338147234,-0.414312315929599,0.3351183909893934,0.2825806433915983,0.0
0.5114662486978029,-0.1577431373751581,0.45095141244886516,-0.10650601574697983,0.1830082070888585,-0.6603981944427185,0.43489155379582134,-0.21045155060138376,-0.7586731830690172,-0.1554061573770836,0.11416947667927506,-0.17046674601762518,-0.433328056672736,-0.5522933317792516,0.5640577120873497,0.0
0.06043166679357582,0.32348679241656786,-0.15538469543009695,-0.2901462900918807,0.1910449835789303,-0.19260652036784093,-1.0678179401553922,0.26068777157774076,0.14034509866277603,-0.4536302415447272,0.6637881397561914,0.6674462608925854,-0.5579359583010451,0.34533789025358097,-0.5115170130831204,0.0
-0.2077535970444966,0.7026429332928871,-0.5376885298529764,0.5319987012912981,-0.03199976236213014,0.5079623372337178,-0.23282803368125513,-0.1305719133705838,0.21912347289231124,-0.4892324132790194,-0.15742006838324715,0.09235624734241032,-0.8298579262328759,0.20190180537512378,0.03118646024931949,1.0
-0.006638762811476171,-0.6040023938646679,-0.2371184015829967,-0.1714639709664648,-0.04008983454998041,-1.0951658993332802,-0.09842766069465576,0.37956248937697473,0.39372806608512223,0.3058649945026987,-0.569760434974735,0.3556541781125226,0.2326311826225028,-0.38650850691354166,0.1520050492740138,1.0
-0.1979941148499722,-0.38112617534191123,-0.5395517969103472,0.07588841550822899,0.003966790242141724,-0.2677083176560619,-0.17948120068439524,-0.09173812201315888,0.25021332444987454,0.0707588784907894,-0.18198568249902686,0.1847927636406215,-0.5474086975821982,0.504582449791035,0.11433650923851205,0.0
0.0023088532496379865,0.07919168487754866,0.2604350570106162,0.18922098983633392,0.5237835923363773,0.2663960039163777,-0.1484973265099321,0.13583696951672825,-0.8084952832449386,-0.5673296386420872,-0.07058296191153315,-0.03374405327598991,-0.3344254575944876,0.7192115593407394,0.31479518131387,0.0
-0.14156020919800144,-0.1751027104441259,0.39140475783377127,-0.0908935329315338,0.17620333419253448,-0.5621982798736525,-0.3111056236345886,-0.5212278253959353,0.09080133409663281,-0.8768245085092518,-1.0661235876059212,0.19449065391826123,0.3919004490289284,0.20971076199678604,-0.16535005248044138,1.0
-0.1927185256414677,0.18424659832163623,-0.4520192523101369,0.6659705791070158,-0.058709198031890765,-0.49025023097865233,-0.12913174205243297,0.15041693153314256,-0.32189212106179393,0.3824808261733048,-0.2953200392432655,-0.639193728141766,-0.0963938908244261,0.5772493010417497,-0.10024379205402163,1.0
-0.18948039637565017,-0.17793468982538393,-0.29681256526327265,0.04437190282435457,-0.46658727993959437,0.30767049565104104,0.37517476073152,0.33113939274860166,0.30618767784334305,0.20380659412814608,-0.0312554501878327,0.49515738189289216,0.17014257308843594,0.35754175474822913,-0.17465029882881175,1.0
0.4472719920271844,-0.3938505945305321,-0.1028629046193865,0.03658823260513356,-0.3370320684978739,-0.17432472650474798,0.15316347467461916,-0.21770948711277954,0.01971655735508486,-0.01073651717846844,-0.1018485801626302,0.5079376714878421,-0.7370429994142657,0.17925767929795514,0.1067469880437433,0.0
-0.24586964718454668,-0.9867552703466175,-0.19284958360649934,0.04310159169841343,0.3564375463704335,-0.2055364041344367,0.11948423549839748,0.44464361716878736,-0.48543424352985093,0.13011276801028926,-0.4969070843073259,-0.40188104213079495,-0.29551214664145764,-0.1709015867899612,0.30263139545389395,1.0
0.4992724960572349,-0.2901501318413933,-0.2159277310139302,-0.394104503428269,-0.10249842624628414,0.3956305719850536,-0.032767382344387794,0.009788443194008942,-0.3825471553381444,-0.23487929643271974,-0.45399442330091805,0.6078185981784692,-0.09969804710734571,0.47429368410070444,-0.026116372901160544,0.0
0.3194049702174419,-0.6420677768618881,0.2796629161023359,-0.021609033681459174,0.12322032631700702,-0.15806243909022732,0.042915158581896054,-0.09849685182226328,-0.37833453486915725,0.3588479800127584,0.599738625552072,0.48178503929221234,-0.5123757295491456,0.5058447004370227,0.04812709657811402,0.0
0.01153864253224226,0.16675499315364398,0.010348380994424521,-0.19270090012815522,0.029244910803810795,0.7573134955402087,-0.9300464832439691,-0.28169244362179247,-0.07012743798056244,0.12851797477235197,-0.11248124001194129,0.09661637564560797,-0.01906069541987828,0.1681279974072819,0.36473052258384686,1.0
0.36562270664972496,-0.4102408908590742,-0.02226812048915335,0.680930166760392,-0.24824845211844684,-0.4544991183560267,-1.0996675622927878,-0.3337968205429588,0.23308014397567364,0.18368842276547212,-0.057936621874405785,0.13683769656774444,-0.05009032494031256,0.6031626732668907,-0.0062576916800457525,1.0
0.42270320355849944,0.6329976051979512,0.6648914695328655,0.2467332781019959,-0.14501271821694578,0.3331271215691259,-0.4597705919967275,0.12474958106368696,0.34671475869027174,-0.10728840357869522,0.10844025366879882,-0.13106966978980933,-0.26166334570021965,0.30107695346110325,-0.4942090907555937,1.0
0.10920446557511358,0.40856204441336247,-0.5581823418542379,-0.07301986145960254,0.04883758238235862,-0.15404649165419224,-1.1043973171726247,0.0678004074063954,-0.2853458985541075,-0.6300519057761962,0.3184228339420962,0.064453036600426,-0.30733498248510654,-0.2006912805870175,0.48384285656809745,1.0
-0.2442017063693091,-0.14095791918385092,-0.8484061084322791,-0.19199022959757578,0.3249930407916642,0.43639011348711776,-0.5093431439921908,-0.2531553653381398,0.04204997152932772,0.3012957971265622,-0.6520536162940597,-0.0029775527637437983,-0.49409913590070703,-0.12818865887087139,0.2598988666292895,1.0
0.5584875029873037,0.0005423895951808068,0.16699216127426403,0.6817671478607942,-0.009044675478779298,-0.007733008942404442,0.12476763780830724,0.0923581001698911,-0.0691020469319788,0.33675509071936965,0.31327834474461996,-0.3725306128959205,0.044125258916036726,0.3404396227774471,-0.18231308660522683,1.0
-0.016174763157922416,-0.2041565800115405,0.07631224534995099,-0.05354218429783414,-0.4751036652670188,-0.47952437812249465,0.050591782951511226,0.3226276480519694,-0.22083087026824502,-1.2888519655116242,0.5373120046818263,0.2862997470658233,-0.6525797832444822,-0.2706007732840828,-0.02822322851681185,0.0
-0.229990720077494,0.3562460675145005,-0.22490541319621998,-0.2368529855081386,0.37294541351278887,-0.43697509370624144,-0.2667910062573657,-0.05399337635555169,-0.12350519481390115,0.6257333908108231,-0.10936595468598255,-0.2946763245166397,0.3459378810456216,0.04051906226974895,0.04569917799199549,1.0
0.32571704911140964,-0.39671609372861527,-0.4278457917157582,-0.16288066457606126,-0.45142831635362723,0.7040899049065416,-1.0792825703403566,0.8076772061788563,-0.277969441316739,-0.2347325217728516,0.22167416401646428,0.5087441344474747,-0.9510747877692876,0.07318615205631454,-0.4962739271596273,0.0
-0.11025420290001092,0.2190904125825179,0.39621839282479415,0.10958328345236827,-0.17479625694211912,0.06698785866596128,-0.49101868168037693,0.08003761888365257,0.0008189728405267388,-0.3859734754312982,-0.705157840771203,0.2429300551271649,0.1605388342236253,0.13659313690513658,-0.0508132477870662,0.0
-0.25650328922953025,0.3367053993883581,0.18636662218176342,-0.1004100690898683,-0.11490705942104458,-0.056113989963334845,-0.04932889070601543,-0.38348587015633023,0.11126700457574588,-0.22855141003604101,-0.7098576973971309,-0.2192488580294546,0.4408217125618572,0.6504123646852495,0.2519572753436346,1.0
0.03746873735885197,-0.13047560598484476,0.27573396548881207,0.029164302064901393,-0.6361480431801947,-0.36815577001586836,-0.7800869758834662,0.5449553508226914,-0.8017260722460675,-1.1140825836385218,-0.058134747840279714,0.2624062307080444,-0.024317861444720208,-0.23314317867270876,-0.5227471253467932,0.0
-0.23138644571893988,0.3502201320213254,-0.4919501451921192,0.18787016774930979,0.20214197701620143,0.3575335371668348,-0.389388357009382,-0.2806204838926378,0.2666576520378746,-0.794036119341377,0.4093215440778358,0.3560839270860101,0.12716656261459014,-0.1951939852729091,0.3440137904440265,1.0
0.34345775682014057,-0.05487521401244488,0.4244906786002851,0.028924650526103993,-0.361278811287892,-0.4746658905179568,0.03663114180722231,0.39941882115074734,0.555800461434121,-0.22981699336869565,0.19056477106627068,0.15482530875853392,-0.4482703838725953,0.31298741677824005,0.26398874110718445,0.0
0.679897713388926,-0.3322345114739347,0.4548325239522641,0.02366562610628461,-0.03738539075533914,0.43838766386006506,-0.9179068675016285,0.22365395883889372,-0.3499849400288724,-0.15267990215455193,0.1464392475799427,0.8973185876073035,-0.1574443624361244,-0.4669570570140307,0.023923178016631037,0.0
0.4139791344848924,-0.561440627353783,-0.009747719050186607,0.5143011398392655,-0.015089600526571498,-0.8430270065907274,0.3144973139315226,-0.4945184646355597,-0.2087775910278416,0.04396975713938614,0.6805576370134322,0.2520396119898585,-0.5200295511938736,0.04017902337487764,-0.03897507615302962,0.0
0.06542525297881199,0.5842551217612353,-0.059903313082348315,0.16040699665247077,0.05514787041181105,0.8077983804404906,-0.1388651426073294,0.31168140481982226,0.2032714155824766,-0.16854665842972763,0.021890394644971705,0.6344956991137658,-0.04522805906232013,0.32536784730505236,0.15438041211069023,1.0
0.29593280904430275,-0.08295417887888556,-0.3125069481981912,0.6074728338509428,-0.28122702144986367,-0.10434844345691513,-0.7623146985371675,0.29441899869602955,-0.6864835484539641,0.8252503937598198,0.10078932257181501,-0.027466240059567982,-0.15246347294508208,0.24429285932611308,-0.011228058390308842,1.0
0.6468563573214439,0.13027241869908548,-0.16650165138957812,0.3293125932887102,-0.0018953748902223284,0.717822655434544,0.0695355720980075,-0.22213709471979629,0.33957489508449107,-0.5571344341872334,-0.16385715201437373,-0.2814380314293963,0.20644062188364154,0.18694863815770577,-0.10469224058587519,1.0
0.05934088899844552,0.07724211933128049,-0.2046457526150777,0.11116102029597992,0.16168250377266644,0.10349448995057443,-0.9201365369937329,0.5677516955827102,0.3444540537888197,0.8523476007173898,-0.3472365468729848,0.5039672633002085,-0.4327580423433508,-0.022613936880737772,0.0077134449572216915,1.0
0.1956837163285416,0.38858302320928795,0.3994477200326965,-0.24405569735829294,-0.020610482239807125,-0.15257445642147602,0.6630104183007822,0.06388201803739843,-0.0003230008769286062,-1.0415693570583096,0.029730931374725298,0.09190762660378615,0.20878935562479192,0.3753371496303979,0.0753136430497814,1.0
-0.05939959178266655,-0.055356745021613495,0.22545857695796692,-0.13081459639378154,0.04839443015337858,-0.18057842366521237,-0.3319503520633159,-0.2609765665181906,-0.43549915878487416,-0.188287967705628,0.4673096051905573,-0.08114911330399062,0.1741196099809879,0.078744007839789,-0.24957222407657292,0.0
0.3134747484618037,0.5175475080501772,0.5698575385383149,-0.1393510313791552,0.16376801099557756,0.21323131053452676,-0.818188298081016,0.2040456240551722,0.4205034645614037,0.3563253959205871,-0.09542637542157437,0.4325142740724619,0.011522353934225836,0.4515020215780543,0.2110731363420343,1.0
0.059369995869353466,-0.43250801520796145,0.18485617916522348,0.27850654986643025,0.5893852262903841,-0.5371054189834603,-0.4048492687258372,0.5710638953875351,0.22077785025503663,-0.6158912805438613,0.3958140738684681,0.09959413053198934,-0.045992691502583234,0.26383761782949283,0.7020359605848492,0.0
-0.0265890203607387,-0.16008717213034454,-0.40771390191155366,0.20926558331444786,0.12984105515199304,0.3659681968168446,-0.4021313920426978,0.021773754088515496,0.1034965197982173,-0.10408827132085387,-0.4701097478917076,-0.6583386741480838,-0.36145612989662773,0.41001373250274875,0.4287212521369023,1.0
-0.07202022769150071,0.1967221940484579,0.5739987520772389,-0.1810906811051847,0.5345501079047925,0.21026988413009529,0.05473505596692879,-0.26818326100745166,0.5321304922834108,-0.3056919860792522,-0.1678385399993843,0.07849620413548215,-0.33289269077822187,-0.3798963811328897,0.34640300823844267,0.0
-0.18215717769369336,-0.5463591216280809,-0.4297016764593298,-0.027560798401989745,-0.2275650091018158,-1.6108991569734803,0.22747790476824944,0.5583973586119857,-0.0412822535458268,-0.2418428038677102,0.08910577781042704,-0.48678403371179535,-0.318347525711703,-0.5607942790254846,-0.15518652272135233,0.0
-0.2056449031777847,-0.41654865269518015,-0.6292254862061359,0.5046511231779574,-0.11527327904948868,-0.1478273125579273,-0.6423019444624275,0.30262877787960774,0.3337112010010544,-0.24524351983253903,-0.20559292623884065,0.10044722044885532,-0.4993025453724151,0.1389164942442128,-0.10922269502001396,1.0
0.08958171829310359,0.6478336407121945,-0.39633693501815037,0.3565473321002221,0.17437876556187712,-0.16023720211657125,-0.893206045191403,-0.397798089609628,0.19376080820012742,0.38820496425711765,0.05170478573912513,0.45122637050371595,0.0952734200834699,0.045508224285690596,0.06520306943290545,1.0
0.34191935547714847,-0.28738049447842323,0.34677143473800676,-0.3646604282985289,0.3466260569860065,-0.3956733174243693,-0.11317162753247108,0.21497562212456117,-0.07858060999333018,-0.3431060948347338,0.024790048432629663,0.28031634331307104,-0.19016398299921006,-0.16282823128502139,-0.2516251920863319,1.0
0.33426038140449005,-0.6397241208917953,-0.05562690082251452,0.47474616700273303,0.05916429417593701,-0.17222551742824124,-0.13016715513011926,-0.2829249427096117,-0.16401766712719676,-0.14445606037490938,-0.057681331945540704,0.18211019081306593,-0.3693167811415132,0.15852761773527924,0.4851261159412974,0.0
0.3123334934864743,-0.39000051128182167,0.41826280854313347,0.22836406954035884,0.6258391999899948,-0.8317944700275012,0.08242438829610946,-0.22480259372677744,-0.4233531961691741,0.6018842408722996,0.7301912675559578,-0.34482762138349987,-0.3781064186800863,-0.018411169672836524,-0.5222483250526355,0.0
0.7333177380151148,-0.005677768901595285,0.5089663786309198,0.36520395329909455,-0.08207587779501513,0.03337371912371581,0.029268332997811793,-0.34089710074382,0.08928179710421007,-0.681082421757899,-0.321275674814041,0.4281757061869278,-0.5123611985698381,-0.3683944939533733,0.5279798363707273,0.0
0.27991497212423605,-0.08007811097330123,0.06847474203992661,0.7897537295977095,0.3090516766767625,-0.4019754531959911,0.20587946479199773,0.11673229511279046,0.06382685095847236,-0.368756373836953,-0.3378565190716494,-0.20475505485688208,0.09879538033605381,-0.35785093476074176,0.1222043031593849,1.0
0.3617973215302918,-0.7410921434543127,-0.18726856868277061,0.3393214193882161,-0.17810945554629698,-0.629018804766054,0.20033385672928913,0.7714796246682939,-0.6154628749488931,-0.3536645142648455,-0.010190319236851523,0.16031617892094596,-0.8793429275520754,0.027490875233571712,-0.19797568610864444,0.0
0.43244651955068597,-0.09177390234755675,-0.478912326954703,0.29312291854468525,-0.4801450765953399,-0.20004344061155774,0.1797972069696088,0.04790729148487153,-0.0037951682888466513,-0.27837020076990754,0.3549399480703275,0.17179152903300074,-0.8990413805899496,0.45877853853423145,0.2470639007010772,1.0
0.028610582864688285,0.1223373256071987,-0.3790396283907993,-0.3347077810733202,0.1497698541398224,0.5250722710087519,0.2965383156313104,-0.21346408510736334,0.15213086474126342,0.3955175808456008,0.3767531217272342,-0.12562932682984973,-0.34999274993177143,0.25104676656023656,0.704456365033509,1.0
0.0669421374159755,-0.40217557586626,-0.4743759509670229,0.09799234642714717,0.10514237521004181,-0.15225846729793044,0.33589573731706535,0.24155729327094444,0.14000475756959788,-0.07699153678418148,-0.11756029821258077,-0.40616335996295094,0.044702552386205484,0.5285900639255389,0.5371260393029396,1.0
-0.2558403238660265,0.268579339516244,0.5089803334402355,0.6835125797216651,0.4190955438198921,0.9757545462862198,-0.21136308305122276,-0.6806466026073864,0.4765437497524404,0.5061435330194226,0.22897329307144806,0.2503581974642318,0.12202558850447712,0.3932835846255082,-0.14852105437975144,1.0
-0.06445414860227593,0.035957759813429864,-0.14785614670176614,0.1889186516330516,0.6703839900084037,0.025754878482522867,-0.5185316817082668,0.11592179505676023,0.35411129696232174,-0.45272804965257346,-0.504223301494743,-0.3808484737670853,-0.29980501762238176,-0.3903477089159938,0.2310582262851083,1.0
-0.22514611649283603,-0.7134777492585421,-0.7618997286855844,0.3430875697794391,-0.12578955954234078,0.46145457704662507,0.4803274013178882,0.1034396539010316,0.5154209251174579,0.18295044850266767,-0.596002344670045,0.30998916031034185,-0.5065339249196857,0.3441634373106422,0.2239601042015126,0.0
0.4772783487501494,-0.2054398710092942,-0.09907759471425893,0.09487557032477757,0.1353305283796545,0.05488206431800223,-0.34644454570412414,0.4171162107721002,0.0894067730991052,-0.4991569351273867,-0.25923657329225674,0.3050807570933375,-0.07060584971755046,-0.1724853122160131,0.014280711989082614,0.0
0.08926207915887593,-0.19139320183486597,0.20338119299410315,0.09784378615989617,0.05681992614550392,-0.23220976853473074,-0.02794422382257156,0.24026270148079523,-0.0015510602811531953,0.076114401281393,-0.2681368329469854,-0.19647278815360775,-0.394876267098768,-0.05963740558953436,0.29844383966067367,0.0
-0.269687557466802,-0.09992115202594606,-0.11845487742606402,0.17536065783269777,0.38148270470358236,-0.38643749271830696,-0.13464430811391107,0.09257673665351857,0.1562383516039821,-0.9525498938558682,0.24474865295815268,0.06054871334954655,-0.8112923991676267,-0.35620116671803237,-0.01758978312620674,0.0
-0.5292876814978463,-0.13021674995579074,-0.6847004971114319,-0.055640470611938234,0.2923884645571995,0.14045182886445548,-0.5066905256252637,-0.010781813768572351,-0.2963439253657865,0.4947595534630079,-0.1514271036527611,0.16069717087859584,0.12436304916827422,0.7949049975636837,0.11940722514916441,1.0
0.06498617061002661,-0.7459127794023779,0.4051946924276675,0.04988867950559099,0.47412019498109526,-0.11439520740263086,0.511775540380347,0.3047497445167523,-0.14037654417974252,-0.22582593562818834,0.32759994375019025,0.19957871736543706,-0.8937919916933112,-0.7295938205093471,-0.07483927436473822,0.0
0.17293429029717525,0.3157898768164403,-0.5826700575863778,0.004622577800319904,-0.13149183227530653,-0.9590176989257014,-0.5080191256585072,0.08823256347978078,0.09053336066575741,-0.2212012033590641,-0.6596400338916307,0.1460628796959073,-0.1459012824093713,0.23213878994748804,-0.6009358982027175,1.0
0.04942255228095954,0.3644163096820233,0.23343717062208813,0.3848592721518836,0.09705078985139101,-0.6720977037052438,-0.06068998368692877,0.06955154006943158,0.16258824788175405,-0.08090576382441171,0.4959910356600456,0.3851352975839001,-0.45169710488590803,0.5322392493164547,-0.5912526776056342,1.0
0.16312795902575572,0.26600293230877453,0.4168357404710917,0.2203995328117945,0.18558941142528496,-0.7614312516377083,-0.3374567862811901,0.05293871382074406,-0.21991289445426393,-0.0685439789523226,-0.5772204188935967,0.343852175348777,-0.2686679995871749,0.4077000409068709,0.24918031328915038,1.0
0.10609829083298175,-0.01555126186786917,0.18372805498740163,0.49803131844904786,0.3997049381683865,0.3135859905047458,-0.35911714921985494,0.31825449235189024,-0.15304988144321802,-0.012763853793978304,-0.7971532255298361,-0.2673217743952668,0.649327274947283,0.19360302697155485,0.639852793367468,0.0
0.26343338608136685,0.06075308879627317,0.16455097193612842,0.8845760830109045,0.07777334417342327,0.20202633724256483,-0.23948392340885746,0.4817942792635103,-0.9407960008162995,-0.6638129726246536,-0.028455803158074285,0.3575646821389833,-0.22044677436340562,0.4316292193914064,0.26508383770509103,0.0
0.5785005998774612,0.2146966307157371,0.1840900596751064,0.6569204084083152,0.14513042946929292,-0.7222903812911112,-0.10314621120800209,0.18959687395219668,-0.07795014922642975,-1.2466447932221187,0.10050584231468838,0.1906139059202463,0.21272221185728707,0.17394218115747415,0.222982996165841,1.0
0.20899216992338368,-0.611799886424304,0.4108189047633465,-0.16099401977598016,0.2603379778870395,-0.5280356577111782,-0.47148496742161183,-0.12372011144188255,-0.0934642403090665,-0.8933849518300027,0.33521715932443635,0.007150492588547242,0.5670885537599621,-0.0890364323215147,-0.08942139463327278,0.0
0.045222310525162054,-0.6918802684389413,0.27786036283970383,0.14784172369489657,0.3578746287391075,-0.4777958516285924,0.04405553546771773,0.12715141055448642,-0.4392264616998963,0.5650254322921903,0.20315109709066748,0.392184902671485,-0.702470293308763,-0.27519230490849445,0.1787785203533473,0.0
0.022128698127666234,-0.3360641075101565,-0.18074618907544227,-0.3713396950209328,-0.09992379455509762,-0.058465512292838806,-1.0227972580814786,-0.20429623129308522,0.07905976442631439,-0.4353617536203855,0.6184812116552156,-0.20305394094467985,-0.178804802747391,-0.6500143748420242,0.5616556305882262,1.0
-0.49900878038120006,0.41399200720773927,0.24082109980412794,0.8007120746438426,0.07354697512613081,-0.23942134732252987,-1.0975842348133587,0.0016755516062137157,-0.23936475021685885,-0.012093876407225212,-0.10494949536955286,0.18038602540245297,-0.05817570826082355,0.0341142984194954,0.4375173850207304,1.0
0.714898594989767,-0.2813258657932437,0.4294344088946571,-0.5085769448523918,-0.10933047651369236,-0.7725933730693001,-0.3550024409062904,0.44512557390852137,-0.35175992110983745,-0.2801155732232583,0.8108475161294223,0.3599309053925837,0.7785130398761084,-0.023010528699235,-0.4316447450717173,0.0
-0.2734449225059292,-0.2083520700332023,-0.3482435264298844,0.5691142796462005,-0.13109167737405295,-0.5845287823220787,-0.2094027591480539,0.3453929051788366,-0.3191887491839459,0.2047185158693407,0.21339466187061415,-0.12471934502852593,-0.04567993641243201,0.10302654196081568,0.02698292563107863,1.0
0.05822996534555107,0.2117886041564903,0.0437865032838568,-0.2743748391422489,-0.29401915676568496,-0.5084219332172738,-0.9383576086754287,0.31267296755028173,-1.0766665050841218,-0.6477194262110064,-0.3976451981143026,-0.20109916432023833,-0.5110965469952489,-0.4754932386988219,0.3032564768547191,0.0
0.5340663047446594,0.2896014096696734,-0.0006570801690101955,0.04747408433356003,0.09825469140340459,-0.3697436594671546,0.33171365450500984,-0.1536361084014558,0.049591252997102805,-0.7028854908207334,-0.7713333997895283,-0.1245687570869078,0.012727782300583475,-0.050730979862440385,-0.37523414266741234,1.0
0.5785601768037423,-0.026645541931224127,-0.06876044334499445,0.5321427928623529,-0.10313711619458099,0.18792252806570442,0.3850691330639334,-0.21315148157043837,-0.32037058197234286,-0.8502256156224814,-0.08559360095186129,-0.5801149808253803,-0.21484263938396245,-0.1883274118899485,0.2181937262981763,1.0
0.10675323179697653,-1.0105559953831518,-0.2339349688532536,-0.2461711879764277,-0.2056451396385141,-0.4189897015033315,-0.1463121027399159,0.03703878603210064,-0.2254249784763357,-0.6156023987630905,0.3496376823751314,0.12513232335084,0.470499306598304,-0.3420563764449744,0.13918428421613568,0.0
0.412680306232136,0.19079973522264343,-0.7199596724020269,-0.498745988263718,0.08905587981356305,-0.08257927113517996,-0.03237978397706891,-0.45071531779702756,1.0,-0.5454853701635917,0.041188270055597685,0.08578021234013711,-0.13745313074048274,0.34511928121464464,-0.21896512354902795,1.0
-0.00745426842167255,-0.030924887338645905,0.14944833420597695,0.5304321691870871,0.07153262062716989,-0.4310060014825148,-0.5255158376244267,-0.025767773985935095,0.2918742117600308,0.5366268027572895,-0.3007553777812362,-0.6233545184012528,0.1087998166579011,0.3486886598806027,0.04604742075272868,1.0
0.6108151164582949,-0.7706760448376264,-0.2609444570832342,-0.23993893412850295,-0.03355031510835789,-0.30851558649193966,-0.13254353656578705,0.52992751806541,-0.5394549414364962,-0.45362315532125824,0.2462154681167786,-0.5398463729337237,-0.4946275586226265,-0.17086525412041798,-0.039276787209794245,0.0
-0.13675620937218996,-0.1891248052872717,-0.3160813600687772,0.5177701936259608,0.5978476276300952,0.5212717990106494,-0.3170358562082419,-0.24598059247130225,0.10287599695759034,-0.6391343737714864,-0.08153427831162588,-0.7517769358738294,-0.27767627680376294,0.054527101210367065,-0.16906902679580654,1.0
0.39453797789161166,0.8843850999893214,-0.6724957560633413,-0.07470369538933133,0.07066766269809863,-0.10915781985208944,-0.009459927958777549,0.49189702369501515,0.8116617711851474,0.06844315009276707,-0.09427207281030787,0.2532068888434418,-0.6223332364067541,0.24818652060671723,0.04130335117320963,1.0
0.21890825429381505,0.32266878134334764,-0.06745069232071076,-0.3776837458254207,0.16039799002274588,-0.11561043378843373,0.07190290500032012,0.3656839494106697,-0.11643892364594897,-0.5274835077358876,0.07901474089462748,0.16053408542509315,-0.46767009319115427,0.0686665486165676,0.11426001606926536,0.0
-0.13109719760236685,0.26227033296175645,-0.013320544062042491,-0.01675699152385536,0.22312160643752083,-0.4197680573441385,-0.3752583448503153,0.010003809325300882,0.39200340010000806,-0.8050555813473246,0.16882525162505002,-0.14516238088543199,0.4744425312696952,-0.11200276310481175,-0.044094257063711485,1.0
0.07122081457370225,-0.6599181145114795,0.07576021598800685,-0.1713794145725787,-0.35997722624630235,-0.14153017071552415,-0.14296184929216033,0.32938064830664465,-0.1466352136711732,0.3706033936027472,-0.12618395036410113,0.5377906576118204,-0.6733489667154069,-0.2594441607217696,0.022679269958852777,0.0
-0.28535025118948415,-0.2229009636778428,0.22443807909143923,-0.4099476870468392,0.10982734592951335,0.41958918820231134,-0.17947031496475055,-0.17118307349838804,-0.3517349888553707,-0.3153647885634932,-0.08510845635440385,-0.7460697204702884,0.26828069117998127,-0.17521316674299894,0.09552308125435138,0.0
0.013321348967556523,-0.9803814050027024,0.17292769299141125,-0.5383254618560904,-0.1995322162504544,-0.37405867583818747,-1.528508643330962,0.37505335121196426,-0.23177232717964077,-0.9002188344827247,0.4403356544900814,0.1258925048034081,-0.6938487729148807,-0.24127376041369655,0.6500953613014361,0.0
0.04047514313844602,-0.6653200918612114,-0.2690499154572985,0.4702597597390987,-0.08827692990983156,0.580825732694786,-0.8026377724212868,-0.3190738516724652,0.005170874610424726,-0.31297343036858677,-0.2689364969845951,-0.2300617811365641,0.017360986767538396,0.17564915454369057,0.21062885480348947,1.0
-0.3930946628311972,-0.620218620744177,0.27491685882034395,-0.22182652862021615,-0.13991029896148274,0.22326806146107017,-0.6911885022732642,-0.06307754961117781,-0.16616864342140025,-0.9411593841473064,0.8814278502061991,-0.12689638492205854,-1.0387820421432354,-0.04076049873481098,0.0016799801167226192,0.0
0.5999415503063428,0.2700816076832059,0.25901935051714087,0.12665977140838944,0.04750184463213639,-0.16303157966340556,0.17435566933106264,-0.032212038074836295,-0.5735047599729157,-0.3796207777975851,0.17353559903174326,0.13161721996900233,-0.282774943534213,0.8678543235453239,0.4319458931119002,0.0
0.4502245744256195,-0.2767567019541644,-1.0177606271003863,0.05426900438693672,0.3578981940135812,0.01732301007762839,-0.9386160928456261,0.22493258245761574,0.30109522616850665,-0.7288574293043001,-0.1362500900907207,0.5653355964083675,-0.3749635266096172,-0.06882371222055762,0.5177276731477763,0.0
0.27305355738463755,0.7000080871559811,-0.20241646401194555,0.37585118211486457,0.17862747069549953,0.12900643047790147,0.6833164134951966,-0.05313514953599558,-0.36117190904563024,-0.19718340847136526,0.33303870481608727,-0.16656456593791755,-0.3155682917323179,-0.18536300788579707,0.6158022014516027,0.0
0.3597916142259555,-0.19878143232640508,0.5122748499796672,-0.09256266853383943,-0.24822860028745547,-0.8222362798480831,-0.48408383083016016,0.08998541650884637,-0.8280487347053676,0.24646427442486163,-0.29711402154257494,-0.1596047780260549,-0.31843247985560547,-0.06035808542753521,0.5255003767534564,0.0
0.0891816789662291,0.17180167720407485,-0.45380747219883044,0.35989115695284857,-0.04950575454212658,0.23208219055611018,-0.29378280147752006,0.1843472113222851,0.17524189584498082,-0.7586255776630498,-0.21394275451691389,0.289318466777742,0.04416825745158753,0.29686281819759436,-0.07500554092964413,1.0
0.009392732751891352,0.37822375136917463,0.14651681163368896,0.34283662454842584,0.31339276537198024,-0.6071534532061813,-1.6708913171977977,-0.7236459493868522,0.012650952733196903,-0.3455360643206916,-0.2369886331732246,-0.14752100286835135,0.5980163739445331,-0.12486976199172202,0.0977980392032631,1.0
-0.250945070319045,-0.46076571203093364,0.1883423094120998,0.49689576274941527,0.12906365022733945,-0.003915071410858803,0.4647300753729362,0.31203336544745514,-0.2416465747508082,-0.2564863638610573,-0.15175964676408124,0.3702839059241536,0.06877878091262815,-1.1576112988375808,0.5375439429975474,0.0
0.18369258171836625,0.27035102115615456,-0.022979119928372566,0.3260737718893087,-0.06844252701068113,-0.41884389768024544,-0.17522371733566813,-0.026281163362714154,0.2589258550991477,-0.19516163530588265,0.2465329473598941,0.10710850196290791,0.18918768216344733,-0.2788474305069254,0.3610361872756858,0.0
0.025434595203069867,-0.19486087673138555,-0.4074346173642699,0.3278892769248292,-0.10331404048739223,-0.9857339811413237,0.37302089767993674,0.2934068270414691,-0.4701305076059374,-0.4157504613329621,-0.30180527945346164,0.43328894730476647,-0.8286591566766194,0.37858792142397285,0.39689715405048503,0.0
0.9131780812490081,0.3654551317889095,-0.3262922030186469,0.05785471132029581,0.3130125610893636,0.3011767004711919,-0.5537294431708606,0.13061014519083228,0.09783603184832268,-0.1795501240334152,-0.12432282124751141,-0.3795236480917036,-0.4051011809230746,0.02700462101311091,-0.028910697569808224,1.0
-0.35045995538384894,0.8033091316613336,0.3612591372744855,0.032754288172972566,0.0029940128190876487,0.0608506099269103,0.2831785405428756,-0.3746821971301771,0.18512186303592776,-0.2919254193847171,0.06612061003005379,-0.2768656242727654,-0.11002008516769818,0.1144251691587406,-0.09575578286686273,1.0
0.12833579155610067,-0.1131078456445637,0.30388471306670234,-0.6260772580850797,-0.30417412260691085,-0.32574484138607973,-0.663225559424457,0.23550450889404936,-0.33165886650647475,-1.0438634502581017,0.32282142096774197,0.5350003125197211,-0.0762417690200409,-0.27135243306652196,0.0696315100284508,0.0
0.5018167725638045,1.0,0.03204027117847307,0.5475232264206797,0.3934431884797176,-0.019007100544145984,-1.281318109757314,0.41947056451962833,-0.13524755860609655,0.08312652850445486,-0.28433580857717916,0.28778953027776655,0.7570047026227592,0.4393235290749723,0.20330701590610123,1.0
0.25482261049945615,0.36164273567414373,-0.22080583636332907,-0.3246104511734304,0.10700634189967459,0.034024286738942894,0.07757771262703271,0.04251085465264545,-0.05573857502325796,-0.5193623616056574,-0.40157558882452643,0.4226154631275342,-0.24784958949443936,-0.5176405173326479,-0.312195817560689,0.0
-0.1327389807455404,-0.6256648075568619,-0.5293814183478699,0.7751056769567846,-0.1325852518490722,-0.45612449598549004,0.442699982470499,-0.6357659034165609,-0.015467371469464607,-0.21798080912979378,-0.15960076107996887,0.45132793302329194,0.6821898042030267,0.8467989872787423,0.13655054750770682,1.0
-0.16713515690993283,0.11533891374878387,0.055359813466107244,0.2840237249149467,0.21514855681992737,0.030772743181262628,-0.6585239223455922,-0.8540523612006607,0.15303384011179175,-0.21377766761590772,0.47502227405788755,0.16434599229145108,0.3918707372177231,-0.15176652012680256,0.09498447438523244,1.0
0.12472410731016453,0.2564794372618832,0.29492472027762184,0.06751714369714032,-0.13472125013569225,0.7709192452735022,0.3334083951586202,0.37344090426920185,-0.2081814318743816,0.017387987935873095,-0.39861759042974054,-0.059339051850362264,0.2770939726350334,-0.7068573781196079,0.6355904807917139,1.0
-0.13230685762984565,-0.5276719175137704,0.3652447775705317,0.21460191259089972,0.03146733831758049,-0.1934461809634615,-0.8390518603865873,0.2450644024243813,0.5213191768246833,-0.399081223739955,-0.25834561701100833,-0.24411970152066056,-1.0297615115764314,-0.1269054440887314,-0.018795169622835735,0.0
0.9950581608595621,-0.46680650188466677,-0.3788499343390838,-0.0018527822332857044,-0.2736145510963081,-0.13094190533168792,0.7624391483967371,-0.2939210014030357,-0.10252185420387934,-0.01392807023354533,-0.5598769453363318,-0.15619940075759522,0.7001885370422324,0.4313948383661048,-0.1680964287614937,1.0
0.4173916541677751,0.4158531507429872,-0.2527326104532757,0.05103707013145165,0.38176143022350123,0.12444022309793304,-0.2052114618576268,-0.4969825976617587,0.6116977303119248,0.7056687252165504,-0.040380859478234894,0.4552763655572751,-0.4327505070086849,0.09828920272753355,0.23901869061255734,1.0
0.04055916842568981,0.8004323010045699,-0.6115046311673721,0.7700475019884702,-0.2403032760027922,0.0010894943161918658,0.14354478758871084,-0.05807592157478052,0.1567310852073183,0.48758112618393645,-0.01059255959903292,0.6463295679395485,0.4117812951746182,0.04855128379774368,-0.31865800900028535,1.0
0.02366345742374008,-0.6861110196628369,-0.0993328062414634,-0.13809835385853902,-0.054577153785899495,-0.328345269674127,-0.08045291371996956,0.3370277179068511,-0.21263078466684518,-0.2935277007769771,0.2065642522979124,0.046917915005293576,-0.02109127695110643,0.3366216195558761,0.2165660304158266,0.0
-0.5794603419951917,0.14601321568009856,-0.4837190475800801,0.5939694189901554,0.1818247016830683,-0.4650707988873024,-1.1483974968225013,-0.01918551848129127,0.3806968654531298,-0.26943845045302844,-0.05115282326489151,-0.034752998098579874,0.20358170499206113,-0.16932527525323435,0.019023975762500415,1.0
0.08531050163419808,0.6202636916271904,0.003653465509779785,0.6963914203094926,0.2699515861088127,-0.3635888868718326,-0.5258321489665044,-0.4426567420098645,0.44609165782121557,0.014013124395366902,0.3419206227463793,0.05963257299572963,0.9188192421067545,0.7195149666473605,-0.09330015775468237,1.0
0.48714897467568735,-0.3124624518497426,0.04547412083501052,-0.27376471396139473,-0.010323699886144642,1.0,-1.2640684070981942,-0.21737971327511088,0.679263897979892,0.003528632794723771,0.08146935164431476,-0.25783460635298033,0.33235859303105153,-0.15990214097454833,-0.053112774461184654,1.0
1.0,0.07371802170958387,0.03267868031795375,0.0067425190668686154,-0.05952339538379469,-0.39835591022283706,0.3507884373678376,-0.10362138216239879,-0.1911571669729426,-0.5176671046234699,0.4788914077693746,-0.21458485802310123,-0.43169145107552115,-0.04032833006642974,0.25319385240646275,0.0
0.29412318402962745,-0.552967420325496,-0.031192889451856356,0.5318214144951273,-0.46273488577186905,-0.2096561734984799,0.00847510943607215,0.21131163815300844,0.47748003113702747,-0.047323952400278875,-0.28684513437764814,0.08113063481672785,-0.36033807988762323,0.40095954413002916,0.4143074423827056,0.0
0.3971846897056073,0.522220218004924,0.04306767663073973,0.7500997223278756,-0.021024851277650972,-0.5575273748560122,-0.7563969259803914,-0.4061275074988228,-0.5396369232813746,-0.9017643963753457,0.2771772179544876,0.06042470247548534,0.49609287041609484,-0.43867807615924403,0.02997938468755303,0.0
-0.007684544636324463,-0.24396163106261917,0.1675809830477187,-0.40458720213718197,-0.14607000784203789,-0.7508959898128053,0.40751530164732125,1.0,0.2831399729916601,-0.12782959889297035,0.4703784039550896,0.25723550668584383,0.3426822803811874,0.2684611131687701,0.07941137363633997,0.0
-0.15819027036497335,-0.4207278121736752,-0.1357686150091767,0.06551073334588481,0.4102395302952933,0.07940602513164226,-0.6584814813265569,-0.1940621845400514,0.11511210954949307,0.5870622919491142,0.022448184093898513,0.13826052463195923,-0.0655556942841696,0.07630057304962112,-0.5099659337161493,1.0
-0.09170766523923177,-0.325074794402422,-0.12481560795815025,0.3987677039876957,-0.0728608350604372,0.7681355571201047,-0.08630643147474401,-0.46774945082303915,0.42312331712558165,-0.3689836985376066,0.06869398000825225,0.046110660801690836,-0.439778905915635,0.036862165952172704,0.06865616981439737,1.0
0.3650977292037968,-0.43395257879421767,0.304504953805446,0.2552009593413652,-0.14683245716669174,0.45851498157808257,-0.17124271931370766,0.5544503646142432,-0.24447780710600528,-1.0102532403671032,0.1906308011508584,0.137628407129813,-0.7762024661183682,-0.6541818743969536,0.34718535212594703,0.0
-0.0466718738036874,-0.5466373868813993,-0.7412756374271798,-0.060692989528504555,0.17680113198665362,-0.04069249645963819,-1.610212459243942,-0.06763095846628411,0.019198361330717444,-0.250667197160157,-0.24065747248638666,0.14518199040130564,-0.0893130642266282,0.3163866331214959,-0.11427524058480548,1.0
0.7449892202453163,-0.5404931561336641,0.1728727809852858,0.6387232804373311,-0.12548474101586787,0.203763591741453,1.0,0.502707571952799,-0.12991104908727852,-0.19659876112273444,-0.183270174321678,0.40207240883793177,-0.3176563183862914,-0.643930228287705,0.26613296981400325,0.0
-0.7090078552070493,-0.7092360422990731,0.6069044905394512,0.4238997127952363,0.0845421706467907,-0.3569742772472738,-0.3038600229415785,0.3352859012761097,-0.2870935509416918,0.2944970051306906,0.6455023354965284,0.535953224156173,-0.5197127019824842,-0.04497886097094156,0.13324971534230398,0.0
0.5425610773584483,-0.5524635126930303,-0.1285284903217929,0.21527545085384978,0.017487590004673443,-0.6537907589439633,-1.1477395376151245,0.3384210801878935,0.1391478514711802,-0.9705353943887617,0.0929700102491116,0.8642853384160791,-0.5383947138477098,0.04046313546120532,0.1988494459828583,0.0
0.5504619470354812,-0.03796002764965589,0.7044485045140172,-0.12894087111569547,0.1317965338396499,0.3538149887156518,-0.7371656790252853,-0.01047997097071715,0.4408047181179601,0.5838589341444418,0.49773595917745733,0.40501417964407915,-0.5327585786210052,0.4952591142442401,-0.07651006830884152,1.0
0.13107045851085355,-0.14074776376676384,0.1480507778259211,-0.5276279313975936,0.2806127234020202,-0.07701096421902516,-0.2779995783344391,-0.12318877932531404,0.06571790483311493,0.12687475870206122,-0.07083424591387696,0.23425329679315293,0.024483590229310927,-0.7568298322075271,0.1893250318154436,0.0
0.3223128059941414,-0.9473486157511896,0.1759759622150325,0.18351221543215362,0.12789371963630777,0.14535754804340553,-1.1841359578098813,0.9764452879700215,-0.3197263860265739,-0.7415296038781354,0.5422457513833842,0.20503514523818162,-0.3699392467807293,0.3227610524658893,0.695584908646433,0.0
0.4033272885725797,-0.42809831233872986,0.3232118832416767,0.5749456643945188,0.24690395570569248,-0.6585249092893241,-0.5469410130695992,0.17015549938574445,-0.7413494692107524,0.036650617251255846,0.007992977156917743,0.15577230853098628,-0.15695427698070294,-0.22227087962973857,0.6304947462300664,0.0
0.8562815221765364,-0.5161674079079783,-0.6406496972087662,0.7147179886975786,0.16009783410484585,-0.7215697246416922,-0.25080983037144294,0.18486870155815582,0.3231326659512125,0.08504557219900542,0.45284778188253116,0.16555994022796633,0.21799696631571852,1.0,0.1057243267004617,1.0
-0.02323195386633727,-0.7032939401319611,0.3257506667209226,-0.0589992449019897,-0.08050060200598776,-0.2964798196166512,-0.3495938118580251,-0.689408130916153,-0.5458795251179311,-0.09024175458984453,-0.5325132491678498,0.5689231075969948,-0.11788336757687505,-0.2011231913851795,0.11405659665215868,0.0
-0.2953380959787831,-0.27508237329739627,-0.7223376012217844,0.11208949666732634,0.5223029576922724,-0.2079591716214685,-0.14273372868060974,-0.032149503340734305,0.3482870653184106,-0.26836048002710566,0.14308500010113293,0.04762370705928309,-0.7846370565019423,0.6629111708636005,0.11062385323574057,1.0
0.34948814755450996,-0.0359512287476465,-0.39280729940972176,0.618045399344399,-0.223672604677838,-0.7766321337384796,0.07963572611855932,0.019631864653025383,-0.12943720411243329,-0.1861386091188661,0.7214046992761488,0.25206066700792795,-0.11254429665132162,-0.1253325042487661,-0.07085260615783148,0.0
0.07472543334219779,-0.7435062058029424,0.028898493476074597,-0.002686884298396286,0.31804738103015173,0.2255207432378464,-0.7851706527934313,0.5470716692077761,-0.3501425497283386,-0.22271240204408022,0.5352068951197108,-0.09738525256871526,-0.23115877799038023,-0.43465283922426995,-0.46200772974380133,0.0
0.16576784713379375,-0.7477950488256123,-0.028016282042050266,-0.2500463580041761,-0.26928680359514084,0.4105375310350827,-0.7822865579090269,0.3092716222860229,-0.7103464212786088,-0.3281057208334656,0.47770757296554656,0.4411718238722839,-0.5770349747488789,0.3176658345150922,0.03433856178510697,0.0
0.4694308817954427,-0.49337789148424416,0.3374792195744174,0.5804158179857689,-0.05863254748602858,-0.475483712029615,0.5503954837864974,-0.49289218373737137,-0.02395631622649965,-0.7485143537333188,0.1520970427234347,0.3154009969938169,-0.08767053617385916,-0.03646139423012732,0.3829730903713754,1.0
-0.07392471566184723,-0.19253338323000088,0.2561449108594988,0.024450411850691543,0.09690632380967903,0.011756195138005868,-0.4087128049435883,-0.7094528132463311,-0.15358448604397243,0.3654220614859417,-0.0917557605029951,0.42786757103755857,-0.5643029711375688,-0.24982095944345659,0.8200455706927825,0.0
0.40424318302296763,-0.15867857613819392,0.26749181778651193,0.45224157844162904,0.2393099258488947,-0.007301757943566672,-1.4366578946655328,-0.15776245544258982,0.28651878209359377,-0.27079225092210574,-0.6526409851772318,-0.0008213023403286322,-0.42786478018123436,-0.07329425630621923,-0.2169766110827923,1.0
0.38953466220208377,0.07872586514599117,-0.20954087457477302,0.3119116329169799,0.3892361043482601,-0.4877357483299088,0.0037028776087872596,-0.5014168346947825,0.14372413749522042,0.28861167147894934,0.25983251876727964,-0.07575267195550461,0.8505684284830888,0.33335811524213094,-0.5378718710352863,1.0
-0.1286722004019749,-0.4636939886632825,0.45121183683542365,0.2868165151954817,0.058376214121290106,0.5619322171453921,-0.3687405358899234,-0.504603518933828,-0.09430732354227478,-0.4604387683136994,-0.021166981837492892,-0.06014501545558036,-0.6874108472953687,-0.2407605263236135,0.2761331578466342,0.0
0.23404372692688574,-0.11251661085553041,-0.5649679691049497,-0.17622707999118395,0.051215214289919375,0.5802110442818323,0.1044545248112463,-0.2724290119899993,-0.15618604566593813,-0.4828208208475094,-0.12863792222316553,0.10934865342650067,0.028084427041582437,0.11158505054001885,0.1271826488871034,1.0
-0.3380135726342034,0.5520932101993902,-0.6931882142551022,0.14257307609712136,0.5423615246706431,0.3177988744780093,-1.0234499643888442,-0.01541926730799085,-0.04479696552552544,-0.5519722198384379,0.18834665027064482,-0.08617899628794165,0.04825825403118726,0.5068941815348756,0.19558357695147874,1.0
-0.26191213810096065,0.7246433913836696,-0.0333481805636473,0.14437499820884275,-0.12211709123321471,-0.2518031886033793,-0.729314612070947,0.24042139217405142,0.18890050815758683,0.05024905964660032,-0.15088120451458045,-0.038212015452007336,-0.22534457744320743,0.7513330901168577,0.3852538138993626,1.0
-0.25316239051861544,-0.47556889341543673,-0.4123307860652826,0.4507983631112613,-0.13520249869539602,-0.20972266007558585,-0.581820781035724,0.07874691198248307,0.3542701145347405,-0.33636266466290876,-0.7169217711178243,-0.050531139825052133,-0.7384407900994467,0.6028396555796207,0.1432227004557956,1.0
-0.0973371875792479,-0.2923854048513339,0.20057533663148625,-0.2337045869358094,0.0966670694623629,-0.12663726010694137,-0.09460454047402479,0.04519530571392449,-0.46814594062699716,0.34929283505692904,-0.07019426044775187,0.026492353087732047,0.9154316196204002,-0.11030948529089818,0.019799947825579322,1.0
-0.3485526559407391,-0.2665540790622886,1.0,-0.03344111592290676,0.3472216396015993,0.013482677582875604,0.5883037435683803,0.5571938845542771,-0.7605816281592048,0.2119692251642989,0.29975732868281424,-0.13517201886363472,-0.1355454506639359,-0.5509723891448176,0.21413395126671372,0.0
0.454974256320989,-0.061156086182409586,0.6235175450940995,-0.12706395830792522,0.09366792450417569,0.1498831646479235,-1.1264828833579728,-0.30471346494275386,-0.00547139784957158,-0.17877210703115629,-0.12716351926109887,0.4786934571529537,-0.6360889469688641,-0.5558927154384607,0.1790453195631552,0.0
0.2663497996159836,-0.11097914253794312,0.19290268196491084,0.2591984599805461,0.08609609637605446,0.6618865140433503,0.3083786041113992,0.46644756170740026,0.06290392227815718,0.07252349836495293,-0.4106154677906582,0.36020623492955184,-0.6149906355467287,0.7218817374596632,0.2258089253900178,0.0
0.43256509109831004,-0.75601217968676,0.03324419177620911,0.1673691902156517,0.29871321358398395,-0.8240405292871432,-0.9713793864457306,-0.38622998155091,0.28573231154503925,0.1378880037109037,-0.4453340551969212,-0.1851272869991874,-0.1415698399265577,0.16767393716412105,0.6021362300311774,1.0
-0.014114511041728523,-0.40861652203255455,-1.0648664812775543,0.13164324949581233,0.14034676672926938,0.27579169962834266,0.30119391295394154,-0.22660728123657112,0.18727227202743757,-0.5439859968372713,0.10153461510788699,0.13861105233681592,0.45104504502007425,0.3572493565308268,-0.0006956223095357347,1.0
0.19543423327229767,0.08551906259356094,0.15048829776507777,0.39820124522166306,-0.24656455527418536,0.1898001092490538,-0.7968267606328594,0.4984594717465423,-0.2286336152049298,-0.2856298922515256,-0.04638391454590601,0.16925493833250194,-0.4150399751155109,-0.5640411382424625,-0.1099241202103808,0.0
0.6688689325393572,-0.5251351327595232,-0.2835162680447621,0.6948992923797064,0.13835755951989998,-0.6903069326327793,-0.5304561414651163,-0.15392038436031596,0.12410599175712492,-0.8117728202437315,0.43831675985715146,0.5785916116145887,-0.09141390931029798,-0.33657710025325677,0.1004315634691929,0.0
0.1670209191400507,-0.012581092403495444,0.098956701754699,-0.45427472286847215,-0.013311461912675309,-0.18925406158017602,-0.03817707757641511,0.31486686777626466,-0.46525008285931446,-0.31391837164424174,0.329850565175073,0.4368753030201169,-0.6485267924677319,-0.28930812303773223,0.22977440923561987,0.0
-0.33068470960521706,0.13185195197957972,0.25562887410038,0.29997581815333185,-0.06494971104268155,-0.09958373030404313,0.051965105361437114,0.3587636641646145,-0.2749897680554121,0.04624267856214587,0.5352641052869801,0.496439071010919,-0.02273316462810945,-0.22920085194766646,0.15364964107151716,0.0
-0.11137454388921868,-0.14490108188188408,0.8091655086837497,0.2755235018839968,-0.11343474740993682,-0.31973210833608856,-0.9357001125502117,0.4982714167107098,0.41649275029836746,0.2929989846571308,-0.10193035735254273,0.191378915044696,-0.8113971194440452,0.29365120763471947,-0.17810533745397455,0.0
0.10032809258940036,-0.3889137730203613,-0.20915326889248617,0.00901927315510212,-0.21521170846354565,-0.4772944505574957,-0.3375019102850585,-0.2885603097136965,0.1692671010506201,-1.038059383619276,-0.13932372542876711,-0.07364442020495665,0.5196628734832445,0.2624619107555898,0.4520558251135465,1.0
0.12248745879201375,-0.6873221384658367,0.47285653505697306,0.2270946461375347,0.0989615271504293,-0.9981232857024741,-0.42565163176898807,0.16418944579508563,-0.2168209534253401,-0.7336370473366806,-0.01678331524458482,0.6363566561586393,-0.44232162650362533,0.2585151311792433,0.6309055122484359,0.0
0.59263615773536,-0.6776705692860601,0.20410435354752426,-0.06360652809415025,-0.14673004454822566,0.06444735728521604,-0.25458321746879914,-0.03564143941234039,0.4055879515425523,-0.31150301926035534,-0.06258085426670923,-0.07993220239302781,0.5599933339242985,0.3538218395849131,-0.47823906804572214,1.0
0.24904474993916068,0.5337177626634987,-0.434526053512015,0.6004610583451848,-0.31293541197120617,0.6406539291705717,0.04522774855485069,-0.5083947443286575,0.2564671439355006,0.43950166639358856,-0.4538826408452815,0.33048069336654834,-1.0411772087524944,-0.3960400036320411,0.08011684371607042,1.0
-0.5725588207246648,0.14910817121684447,-0.007914118918430527,0.030440725300232577,0.00680685117741386,0.08853240960297795,0.30248520829754905,0.10037279230564024,-0.06245276042708431,-0.4736834192151304,-0.5741954870883734,-0.03373448840996312,-0.37186623019955306,0.0003510944834094914,0.04929555569949206,1.0
-0.055832803174206226,-0.24876520753405373,0.33392215289077737,0.3364571496175238,0.1329510854935138,0.8163046077672577,0.03469733077335184,0.3690764989527131,0.1358272767641015,-0.21034796388879637,-0.3179343215559148,0.3684966056454302,0.46926351933469873,-0.30117038852944505,-0.11798018677284712,1.0
-0.13975396765286294,0.08560860658248041,-0.03727208627360584,0.575180584674844,0.20545518515638975,-0.4322686062889929,-0.7096022099451709,0.8385792080851424,0.4487526000807821,0.3186561487724613,0.431349865532394,0.12396260730601663,0.27040400186399627,-0.3553513875661549,0.17823757466278103,1.0
-0.2055618762226745,-0.1288122556388578,0.8500375991074934,-0.15613049106217813,0.06835606165055386,0.003079004892864938,-0.45848403406842975,0.5135887518849452,0.12799871673620852,-0.36467492357406256,-0.051895910810817084,-0.08193264886806342,0.2559241184478299,-0.020266136702318284,0.4061565395610822,0.0
0.2627848093821566,0.06549846340697084,0.7232762555150234,0.2018707006637155,-0.6054472526022779,-0.1469742041743308,-0.21491673573550849,0.5333672686123649,0.20043917504715608,0.5028930987755664,-0.8562117604740064,0.24316193225005156,-0.1242999716752751,0.39147897806700405,-0.31550491269011127,1.0
0.43867444394732447,0.4454080393097712,-0.5500125076224188,-0.4786084289079565,0.08841774286165821,0.2111912389929995,-0.18999152428484464,0.16302066323586178,0.1269909976331614,-0.3297195970377634,-0.3746449176268306,0.24639302735537066,-0.37974533296215873,-0.22169136050142332,0.5965628753920842,0.0
-0.1424263531855735,-0.21602722181148334,0.026254832964018773,0.28671527036870526,-0.05713306214974844,0.059630617152706934,-0.06678113388160442,0.5249878105483846,-0.4564846611270836,-1.1284371296215239,-0.12074708091216439,0.4243978664338243,-0.5451854919168792,-0.17995644167879218,-0.2556797628740671,0.0
0.05203602954223702,0.03944293450312919,-0.06927066337418683,-0.029756909114674435,0.3197920925392833,-0.39064254513208085,-0.5316603119726588,-0.3638262485895995,-0.09584731266888173,-0.3678810968387583,-0.42148123149196903,-0.2211872488569224,0.6324028978222418,-0.04524918929345747,-0.11785424634131408,1.0
0.08374694614867376,0.1064419881067088,0.2887564194391302,0.5722998698098921,0.4115239652484017,-0.018828289984463543,-0.610068415582362,0.11973628063793916,-0.2515742969214751,-0.25638381448711933,-0.05562197142304309,0.09604980516623098,-0.014963955901111608,-0.16150450084185078,0.5691809380273674,1.0
0.1796657633980229,0.19821211176348813,-0.3838296936700331,0.3881358351036169,0.09641547129725872,-0.7326209344867244,0.18899493740570913,-0.2780150412228071,0.3945861583267296,0.0522064112945807,0.3671000385355006,-0.5520540452425602,-0.18232407925824526,-0.29870582105037086,-0.10293942252483004,1.0
-0.2543087239741806,0.2715498425175048,0.4994665503150324,-0.04077851986722756,-0.21467118753005737,-0.8073440639460159,-0.433210828473257,0.9602590372421774,0.1918837969259059,-0.3242224732046245,-0.029393250870585554,-0.2754286545075273,0.16121964613274684,0.2344302280344998,0.0831787204039666,1.0
-0.21971525889285504,0.42470195061876836,0.20826223107610412,-0.08808934380881532,-0.008001199914631966,-0.0726960473310333,-0.8989275734205355,0.09055112247981886,-0.16530021953690627,0.180408459039891,-0.705917942226262,-0.001061682863036509,-0.5651951687165919,0.22369725492997353,0.41406946212533746,0.0
0.3294053884751751,-0.08353231150041068,0.22683007073951045,-0.13010908512694733,-0.3937281613749909,-0.9831067045520858,0.017967666693096226,-0.4874540335621737,0.2684977742619475,0.8763570993669942,-0.06592931611237039,0.020668274984809765,1.0,0.5749358698967901,-0.0560780835260347,1.0
0.37841137843805067,0.23424157311192445,-0.2374846791362948,0.45659848611185433,0.08907623478746418,-0.10982861645530193,0.002408042890283909,-0.48262136162682917,-0.0728714850330038,-0.8688888277633,0.2871222831255914,0.39898670524022556,-0.2669800098531945,0.2559179349516532,0.3741203077854381,0.0
-0.2826235116988976,0.6922866562476107,-0.7320898372048195,-0.017963123039983073,0.010041775240723637,0.5975087696522813,-0.8279117810167429,0.3168427318119583,-0.06381782673563616,-0.41081470791055086,-0.5892021896956043,0.3411439402738591,-0.45328622089446663,0.08859316525750885,0.0243446210124808,1.0
-0.6461093822900712,-0.3158999009267215,-0.2886164293677456,0.4846415698045977,0.4140377122154861,0.2856068491662194,-1.549803449763118,-0.2937345186166007,0.01901840685048184,-0.06204439359213926,-0.05635503641672471,-0.11167999598981042,-0.04098426622512007,-0.2290055563752785,-0.008849589691118792,1.0
0.056003708197126335,-1.0159986174060007,0.3963037528220689,-0.4574794127178422,-0.24907063887454445,-0.06329241540628107,-1.2146235730152284,0.21030191933219516,-0.754608126510041,0.15889384356293929,-0.06428557868867799,0.17369705827914356,-0.5846529814675566,0.0304457551311566,0.1018283591759354,0.0
0.7378177027387431,0.3941174812766059,-0.018861589584577492,0.646433001393786,0.20274062555196246,0.6308820477763443,0.38629751182220773,-0.2934693001574393,-0.0456510308713076,-0.34684460348567536,-0.13095752003319533,0.18914813564313146,-0.45196537341814713,0.13739976773667661,0.5380516856494356,1.0
0.09347144515846399,0.19719946265397198,0.0003123762032917725,0.1745896819181743,0.5160806862843197,0.31643641623395136,-0.46902816777954814,-0.06465115459417965,0.06242791139775968,0.6537666094406686,-0.8204018132585065,0.304315958053803,0.17587548951175597,-0.08810851402539613,-0.2715422993070095,1.0
0.09639544720677251,0.1314052416947877,0.033096013057042344,0.1125875073962748,-0.08241623320370256,-0.4689901359435054,-0.6174033143686964,0.016417105917603772,-0.1156735545644248,-0.41744105986059354,-0.32146143883909933,0.16320781769282247,-0.3789973523231846,0.034762165558775565,0.29517944207255264,0.0
0.1394113763816047,0.5086952234199861,-0.4845896496137478,0.49463038815031446,0.13541975896364675,-0.6477744072385511,-0.08630291484205628,0.1573789290894047,0.7677316846232548,0.4425420603034704,0.037061824665548894,-0.18713645641981522,0.020660348683107736,0.4707690216413631,0.3524207751187143,1.0
